{
  "generated_at": "2026-03-12T10:18:56Z",
  "matrix_summary_run_id": "normandy_volman_alpha_matrix_dtt_v0_01_dtt_pattern_only_w20230103_20260224_t001652",
  "matrix_path": "G:\\EmotionQuant-gamma\\normandy\\03-execution\\evidence\\normandy_volman_alpha_matrix_dtt_v0_01_dtt_pattern_only_w20230103_20260224_t001652__volman_alpha_matrix.json",
  "snapshot_status": "available",
  "snapshot_db_path": "G:\\EmotionQuant-temp\\backtest\\normandy-volman-alpha-matrix-20260312.duckdb",
  "sb_run_id": "normandy_volman_alpha_dtt_v0_01_dtt_pattern_only_w20230103_20260224_t010627",
  "candidate_label": "SB",
  "control_label": "BOF_CONTROL",
  "pairing_method": "buy_fill_sequence_to_exit_sequence",
  "candidate_summary": {
    "trade_count": 648,
    "expected_value": -0.01454687874785425,
    "profit_factor": 2.0909103278444965,
    "max_drawdown": 0.6410323900329354,
    "participation_rate": 0.1558816454173683,
    "overlap_rate_vs_bof_control": 0.0,
    "incremental_buy_trades_vs_bof_control": 648
  },
  "control_summary": {
    "trade_count": 277,
    "expected_value": 0.01608650155535747,
    "profit_factor": 2.6120732101489508,
    "max_drawdown": 0.13267002776878056,
    "participation_rate": 0.8052325581395349
  },
  "best_environment_bucket": {
    "bucket": "BEARISH",
    "expected_value": 0.02146337982915105,
    "profit_factor": 1.5550062016487831,
    "trade_count": 19
  },
  "best_environment_share": 0.029320987654320986,
  "dominant_environment_bucket": {
    "bucket": "NEUTRAL",
    "trade_count": 617,
    "expected_value": -0.01502032913717595,
    "profit_factor": 2.1497564484130507,
    "share_of_trades": 0.9521604938271605
  },
  "environment_breakdown": {
    "BULLISH": {
      "trade_count": 12.0,
      "win_rate": 0.16666666666666666,
      "avg_win": 0.014703806377941773,
      "avg_loss": 0.05960461804817534,
      "profit_factor": 0.24668904624231372,
      "expected_value": -0.04721988064382249,
      "median_pnl_pct": -0.0417785445093008
    },
    "NEUTRAL": {
      "trade_count": 617.0,
      "win_rate": 0.24959481361426256,
      "avg_win": 0.15100300857203794,
      "avg_loss": 0.07024191446594255,
      "profit_factor": 2.1497564484130507,
      "expected_value": -0.01502032913717595,
      "median_pnl_pct": -0.055916086956521734
    },
    "BEARISH": {
      "trade_count": 19.0,
      "win_rate": 0.5263157894736842,
      "avg_win": 0.09681405832716372,
      "avg_loss": 0.06225959627975191,
      "profit_factor": 1.5550062016487831,
      "expected_value": 0.02146337982915105,
      "median_pnl_pct": 0.004601750000000088
    }
  },
  "pairing_diagnostics": {
    "selected_entry_count": 4157,
    "buy_fill_count": 648,
    "executed_entry_count": 648,
    "exit_fill_count": 648,
    "paired_trade_count": 648
  },
  "signal_year_slices": [
    {
      "signal_year": 2023,
      "trade_count": 232,
      "avg_gross_return": -0.012532236616267557,
      "win_rate": 0.2543103448275862,
      "avg_strength": 0.8358607914524365
    },
    {
      "signal_year": 2024,
      "trade_count": 208,
      "avg_gross_return": -0.020211303983379163,
      "win_rate": 0.2548076923076923,
      "avg_strength": 0.8351266071712149
    },
    {
      "signal_year": 2025,
      "trade_count": 187,
      "avg_gross_return": -0.008084665980186733,
      "win_rate": 0.25133689839572193,
      "avg_strength": 0.8568641174947093
    },
    {
      "signal_year": 2026,
      "trade_count": 21,
      "avg_gross_return": 0.011835743490393609,
      "win_rate": 0.38095238095238093,
      "avg_strength": 0.8568643201337741
    }
  ],
  "meaningful_negative_signal_years": [
    2023,
    2024,
    2025
  ],
  "meaningful_positive_signal_years": [
    2026
  ],
  "selected_trace_summary": {
    "selected_count": 4157,
    "avg_trend_gain": 0.2746741049977217,
    "avg_retest_similarity": 0.017091920793398087,
    "avg_w_amplitude": 0.14235644979225548,
    "avg_volume_ratio": 3.984295598735695,
    "tight_retest_ratio": 0.6497474140004811,
    "small_w_ratio": 0.2480153957180659,
    "large_w_ratio": 0.47847005051719993,
    "low_trend_ratio": 0.21722395958624008,
    "high_trend_ratio": 0.4190522011065672,
    "mid_strength_ratio": 0.4779889343276401,
    "min_strength": 0.43933064840128644,
    "avg_strength": 0.7919542139750476,
    "max_strength": 1.0
  },
  "failure_reason_breakdown": [
    {
      "reason": "TREND_NOT_ESTABLISHED",
      "count": 37150,
      "share": 0.5311467909583518
    },
    {
      "reason": "NOT_SECOND_TEST_SETUP",
      "count": 17385,
      "share": 0.24855954134080607
    },
    {
      "reason": "FIRST_BREAK_NOT_FAILED",
      "count": 7661,
      "share": 0.10953204752441274
    },
    {
      "reason": "NO_SB_CONFIRM",
      "count": 3614,
      "share": 0.05167064609753656
    },
    {
      "reason": "INSUFFICIENT_HISTORY",
      "count": 2407,
      "share": 0.03441373690004718
    },
    {
      "reason": "SECOND_TEST_NOT_DISTINCT",
      "count": 1261,
      "share": 0.018028966444104486
    },
    {
      "reason": "NO_W_STRUCTURE",
      "count": 423,
      "share": 0.006047781765151624
    },
    {
      "reason": "INVALID_RANGE",
      "count": 25,
      "share": 0.0003574339104699541
    }
  ],
  "performance_by_strength_bucket": [
    {
      "strength_bucket": "high_strength",
      "trade_count": 251,
      "avg_gross_return": -0.021051642467627106,
      "win_rate": 0.24302788844621515,
      "avg_strength": 0.9461432331944544
    },
    {
      "strength_bucket": "low_strength",
      "trade_count": 126,
      "avg_gross_return": -0.014322725145310638,
      "win_rate": 0.23809523809523808,
      "avg_strength": 0.6590843509345005
    },
    {
      "strength_bucket": "mid_strength",
      "trade_count": 271,
      "avg_gross_return": -0.004745706349926378,
      "win_rate": 0.28044280442804426,
      "avg_strength": 0.8314656784256191
    }
  ],
  "performance_by_retest_bucket": [
    {
      "retest_bucket": "mid_retest",
      "trade_count": 150,
      "avg_gross_return": -0.013784046832742357,
      "win_rate": 0.26,
      "avg_strength": 0.7456779375101781
    },
    {
      "retest_bucket": "tight_retest",
      "trade_count": 498,
      "avg_gross_return": -0.012664869525305697,
      "win_rate": 0.2570281124497992,
      "avg_strength": 0.8714901364987373
    }
  ],
  "performance_by_trend_bucket": [
    {
      "trend_bucket": "high_trend",
      "trade_count": 237,
      "avg_gross_return": -0.013134994959507876,
      "win_rate": 0.28270042194092826,
      "avg_strength": 0.8852409779391511
    },
    {
      "trend_bucket": "low_trend",
      "trade_count": 115,
      "avg_gross_return": -0.00888236396554723,
      "win_rate": 0.2608695652173913,
      "avg_strength": 0.734821945827848
    },
    {
      "trend_bucket": "mid_trend",
      "trade_count": 296,
      "avg_gross_return": -0.014325156713082071,
      "win_rate": 0.23648648648648649,
      "avg_strength": 0.8498214292605292
    }
  ],
  "performance_by_w_bucket": [
    {
      "w_bucket": "large_w",
      "trade_count": 316,
      "avg_gross_return": -0.012449172467771948,
      "win_rate": 0.2689873417721519,
      "avg_strength": 0.8704525860293381
    },
    {
      "w_bucket": "medium_w",
      "trade_count": 189,
      "avg_gross_return": -0.02477404648065801,
      "win_rate": 0.2222222222222222,
      "avg_strength": 0.8443761168063806
    },
    {
      "w_bucket": "small_w",
      "trade_count": 143,
      "avg_gross_return": 0.0016889596933336198,
      "win_rate": 0.27972027972027974,
      "avg_strength": 0.7776480793092388
    }
  ],
  "branch_candidates": [
    {
      "branch_label": "SB_SMALL_W_MID_STRENGTH",
      "trade_count": 68,
      "avg_gross_return": 0.022715539270279316,
      "win_rate": 0.29411764705882354,
      "avg_strength": 0.833609774396804,
      "branch_notes": "同时要求窄 W 与中等强度，回避当前高强度但失真的样本。"
    },
    {
      "branch_label": "SB_LOW_TREND_MID_STRENGTH",
      "trade_count": 46,