{
  "generated_at": "2026-03-13T10:57:23Z",
  "matrix_status": "completed",
  "research_parent": "positioning_sizing_family_replay",
  "diagnosis": "provisional_retained_sizing_candidate_found",
  "decision": "advance_retained_candidate_to_single_lot_sanity_replay",
  "canonical_control_label": "FIXED_NOTIONAL_CONTROL",
  "control_summary": {
    "trade_count": 277,
    "expected_value": 0.01608650155535747,
    "profit_factor": 2.6120732101489508,
    "max_drawdown": 0.12228540748315359,
    "net_pnl": 388254.93015999993,
    "cash_pressure_reject_rate": 0.0029069767441860465,
    "trade_sequence_max_drawdown": 0.3576654010438808
  },
  "scorecard": [
    {
      "label": "WILLIAMS_FIXED_RISK",
      "family": "williams-fixed-risk",
      "verdict": "provisional_retained_candidate",
      "trade_count": 274,
      "trade_count_ratio_vs_control": 0.9891696750902527,
      "expected_value": 0.018009093027783724,
      "expected_value_delta_vs_control": 0.0019225914724262522,
      "profit_factor": 2.7295822568601853,
      "profit_factor_delta_vs_control": 0.11750904671123452,
      "max_drawdown": 0.03482145796500133,
      "max_drawdown_delta_vs_control": -0.08746394951815226,
      "net_pnl": 170975.6747,
      "net_pnl_delta_vs_control": -217279.25545999993,
      "cash_pressure_reject_rate": 0.014534883720930232,
      "cash_pressure_delta_vs_control": 0.011627906976744186,
      "trade_sequence_max_drawdown": 258.1807963138526,
      "trade_sequence_max_drawdown_delta_vs_control": 257.8231309128087,
      "max_consecutive_loss_count": 19,
      "runtime_overrides": {
        "position_sizing_mode": "williams_fixed_risk",
        "williams_risk_per_trade_pct": 0.007,
        "williams_loss_reference_pct": 0.2
      }
    },
    {
      "label": "FIXED_RATIO",
      "family": "fixed-ratio",
      "verdict": "provisional_retained_candidate",
      "trade_count": 274,
      "trade_count_ratio_vs_control": 0.9891696750902527,
      "expected_value": 0.01800914549578697,
      "expected_value_delta_vs_control": 0.0019226439404294998,
      "profit_factor": 2.729586011471516,
      "profit_factor_delta_vs_control": 0.11751280132256525,
      "max_drawdown": 0.04238544800788483,
      "max_drawdown_delta_vs_control": -0.07989995947526876,
      "net_pnl": 162710.20507999993,
      "net_pnl_delta_vs_control": -225544.72508,
      "cash_pressure_reject_rate": 0.014534883720930232,
      "cash_pressure_delta_vs_control": 0.011627906976744186,
      "trade_sequence_max_drawdown": 313.59440347821607,
      "trade_sequence_max_drawdown_delta_vs_control": 313.23673807717216,
      "max_consecutive_loss_count": 19,
      "runtime_overrides": {
        "position_sizing_mode": "fixed_ratio",
        "fixed_ratio_base_amount": 35000.0,
        "fixed_ratio_delta_amount": 150000.0
      }
    },
    {
      "label": "FIXED_RISK",
      "family": "fixed-risk",
      "verdict": "watch_candidate",
      "trade_count": 277,
      "trade_count_ratio_vs_control": 1.0,
      "expected_value": 0.01608650155535747,
      "expected_value_delta_vs_control": 0.0,
      "profit_factor": 2.6120732101489508,
      "profit_factor_delta_vs_control": 0.0,
      "max_drawdown": 0.08550523305777896,
      "max_drawdown_delta_vs_control": -0.03678017442537462,
      "net_pnl": 311355.14532,
      "net_pnl_delta_vs_control": -76899.78483999992,
      "cash_pressure_reject_rate": 0.0029069767441860465,
      "cash_pressure_delta_vs_control": 0.0,
      "trade_sequence_max_drawdown": 0.203499675911465,
      "trade_sequence_max_drawdown_delta_vs_control": -0.15416572513241578,
      "max_consecutive_loss_count": 20,
      "runtime_overrides": {
        "position_sizing_mode": "fixed_risk",
        "risk_per_trade_pct": 0.0035
      }
    },
    {
      "label": "FIXED_VOLATILITY",
      "family": "fixed-volatility",
      "verdict": "watch_candidate",
      "trade_count": 276,
      "trade_count_ratio_vs_control": 0.9963898916967509,
      "expected_value": 0.016138482982190006,
      "expected_value_delta_vs_control": 5.198142683253415e-05,
      "profit_factor": 2.6389839267420383,
      "profit_factor_delta_vs_control": 0.026910716593087525,
      "max_drawdown": 0.0759144755338196,
      "max_drawdown_delta_vs_control": -0.04637093194933399,
      "net_pnl": 261668.70319999993,
      "net_pnl_delta_vs_control": -126586.22696,
      "cash_pressure_reject_rate": 0.005813953488372093,
      "cash_pressure_delta_vs_control": 0.0029069767441860465,
      "trade_sequence_max_drawdown": 0.3250604873659597,
      "trade_sequence_max_drawdown_delta_vs_control": -0.032604913677921066,
      "max_consecutive_loss_count": 20,
      "runtime_overrides": {
        "position_sizing_mode": "fixed_volatility",
        "fixed_volatility_lookback_days": 20,
        "fixed_volatility_target_pct": 0.002,
        "fixed_volatility_min_position_pct": 0.025,
        "fixed_volatility_max_position_pct": 0.07
      }
    },
    {
      "label": "FIXED_CAPITAL",
      "family": "fixed-capital",
      "verdict": "watch_candidate",
      "trade_count": 276,
      "trade_count_ratio_vs_control": 0.9963898916967509,
      "expected_value": 0.016138482982190012,
      "expected_value_delta_vs_control": 5.198142683254109e-05,
      "profit_factor": 2.6389839267420387,
      "profit_factor_delta_vs_control": 0.02691071659308797,
      "max_drawdown": 0.0729245512805765,
      "max_drawdown_delta_vs_control": -0.04936085620257709,
      "net_pnl": 255703.66471999997,
      "net_pnl_delta_vs_control": -132551.26543999996,
      "cash_pressure_reject_rate": 0.005813953488372093,
      "cash_pressure_delta_vs_control": 0.0029069767441860465,
      "trade_sequence_max_drawdown": 0.13697508601020275,
      "trade_sequence_max_drawdown_delta_vs_control": -0.22069031503367803,
      "max_consecutive_loss_count": 20,
      "runtime_overrides": {
        "position_sizing_mode": "fixed_capital",
        "fixed_capital_amount": 55000.0
      }
    },
    {
      "label": "FIXED_PERCENTAGE",
      "family": "fixed-percentage",
      "verdict": "watch_candidate",
      "trade_count": 276,
      "trade_count_ratio_vs_control": 0.9963898916967509,
      "expected_value": 0.016138482982190012,
      "expected_value_delta_vs_control": 5.198142683254109e-05,
      "profit_factor": 2.6389839267420387,
      "profit_factor_delta_vs_control": 0.02691071659308797,
      "max_drawdown": 0.06273411650294049,
      "max_drawdown_delta_vs_control": -0.0595512909802131,
      "net_pnl": 193296.38799999995,
      "net_pnl_delta_vs_control": -194958.54215999998,
      "cash_pressure_reject_rate": 0.005813953488372093,
      "cash_pressure_delta_vs_control": 0.0029069767441860465,
      "trade_sequence_max_drawdown": 0.2119848827136694,
      "trade_sequence_max_drawdown_delta_vs_control": -0.1456805183302114,
      "max_consecutive_loss_count": 20,
      "runtime_overrides": {
        "position_sizing_mode": "fixed_percentage",
        "fixed_percentage_position_pct": 0.045
      }
    },
    {
      "label": "FIXED_UNIT",
      "family": "fixed-unit",
      "verdict": "no_go",
      "trade_count": 276,
      "trade_count_ratio_vs_control": 0.9963898916967509,
      "expected_value": 0.01517437976049673,
      "expected_value_delta_vs_control": -0.0009121217948607416,
      "profit_factor": 2.541390339492504,
      "profit_factor_delta_vs_control": -0.07068287065644663,
      "max_drawdown": 0.22127559006543643,
      "max_drawdown_delta_vs_control": 0.09899018258228284,
      "net_pnl": -88793.41842000003,
      "net_pnl_delta_vs_control": -477048.34858,
      "cash_pressure_reject_rate": 0.020348837209302327,
      "cash_pressure_delta_vs_control": 0.017441860465116282,
      "trade_sequence_max_drawdown": 0.0,
      "trade_sequence_max_drawdown_delta_vs_control": -0.3576654010438808,
      "max_consecutive_loss_count": 20,
      "runtime_overrides": {
        "position_sizing_mode": "fixed_unit",