{
  "generated_at": "2026-03-14T16:22:47Z",
  "matrix_status": "completed",
  "research_parent": "positioning_partial_exit_family_replay",
  "diagnosis": "provisional_retained_partial_exit_candidate_found",
  "decision": "write_p8_record_with_retained_queue",
  "canonical_control_label": "FULL_EXIT_CONTROL",
  "control_summary": {
    "trade_count": 275,
    "buy_filled_count": 275,
    "expected_value": 0.016708073857266068,
    "profit_factor": 2.6162590564045365,
    "max_drawdown": 0.11832221273722784,
    "net_pnl": 402308.56847999996,
    "trade_sequence_max_drawdown": 0.3720347917474693
  },
  "scorecard": [
    {
      "label": "TRAIL_SCALE_OUT_25_75",
      "family": "naive-trailing-scale-out",
      "verdict": "provisional_retained_candidate",
      "partial_exit_scale_out_ratio": 0.25,
      "trade_count": 396,
      "trade_count_ratio_vs_control": 1.44,
      "buy_filled_count": 269,
      "buy_fill_ratio_vs_control": 0.9781818181818182,
      "partial_exit_pair_count": 239,
      "partial_exit_pair_share": 0.6035353535353535,
      "expected_value": 0.04945693690283453,
      "expected_value_delta_vs_control": 0.03274886304556846,
      "profit_factor": 3.395619686779734,
      "profit_factor_delta_vs_control": 0.7793606303751974,
      "max_drawdown": 0.1025509322336205,
      "max_drawdown_delta_vs_control": -0.01577128050360735,
      "net_pnl": 463311.0201999998,
      "net_pnl_delta_vs_control": 61002.45171999984,
      "trade_sequence_max_drawdown": 0.39662325345757243,
      "trade_sequence_max_drawdown_delta_vs_control": 0.02458846171010315,
      "avg_hold_days": 29.032828282828284,
      "avg_hold_days_delta_vs_control": 5.389191919191919
    },
    {
      "label": "TRAIL_SCALE_OUT_33_67",
      "family": "naive-trailing-scale-out",
      "verdict": "provisional_retained_candidate",
      "partial_exit_scale_out_ratio": 0.3333333333333333,
      "trade_count": 398,
      "trade_count_ratio_vs_control": 1.4472727272727273,
      "buy_filled_count": 269,
      "buy_fill_ratio_vs_control": 0.9781818181818182,
      "partial_exit_pair_count": 243,
      "partial_exit_pair_share": 0.6105527638190955,
      "expected_value": 0.049277629778376214,
      "expected_value_delta_vs_control": 0.032569555921110147,
      "profit_factor": 3.387260722116944,
      "profit_factor_delta_vs_control": 0.7710016657124075,
      "max_drawdown": 0.1048825254249211,
      "max_drawdown_delta_vs_control": -0.013439687312306742,
      "net_pnl": 438199.51041999983,
      "net_pnl_delta_vs_control": 35890.94193999987,
      "trade_sequence_max_drawdown": 0.3954198574772446,
      "trade_sequence_max_drawdown_delta_vs_control": 0.023385065729775334,
      "avg_hold_days": 29.030150753768844,
      "avg_hold_days_delta_vs_control": 5.386514390132479
    },
    {
      "label": "TRAIL_SCALE_OUT_50_50",
      "family": "naive-trailing-scale-out",
      "verdict": "provisional_retained_candidate",
      "partial_exit_scale_out_ratio": 0.5,
      "trade_count": 400,
      "trade_count_ratio_vs_control": 1.4545454545454546,
      "buy_filled_count": 268,
      "buy_fill_ratio_vs_control": 0.9745454545454545,
      "partial_exit_pair_count": 248,
      "partial_exit_pair_share": 0.62,
      "expected_value": 0.049191467472027954,
      "expected_value_delta_vs_control": 0.032483393614761887,
      "profit_factor": 3.4096613306990577,
      "profit_factor_delta_vs_control": 0.7934022742945213,
      "max_drawdown": 0.10911553328640769,
      "max_drawdown_delta_vs_control": -0.009206679450820154,
      "net_pnl": 406399.72698000004,
      "net_pnl_delta_vs_control": 4091.1585000000778,
      "trade_sequence_max_drawdown": 0.3938904446813563,
      "trade_sequence_max_drawdown_delta_vs_control": 0.021855652933887026,
      "avg_hold_days": 29.0225,
      "avg_hold_days_delta_vs_control": 5.378863636363636
    },
    {
      "label": "TRAIL_SCALE_OUT_75_25",
      "family": "naive-trailing-scale-out",
      "verdict": "watch_candidate",
      "partial_exit_scale_out_ratio": 0.75,
      "trade_count": 400,
      "trade_count_ratio_vs_control": 1.4545454545454546,
      "buy_filled_count": 268,
      "buy_fill_ratio_vs_control": 0.9745454545454545,
      "partial_exit_pair_count": 248,
      "partial_exit_pair_share": 0.62,
      "expected_value": 0.049189935338538424,
      "expected_value_delta_vs_control": 0.032481861481272356,
      "profit_factor": 3.409523313031402,
      "profit_factor_delta_vs_control": 0.7932642566268657,
      "max_drawdown": 0.11503937093643832,
      "max_drawdown_delta_vs_control": -0.0032828418007895266,
      "net_pnl": 364970.6879599999,
      "net_pnl_delta_vs_control": -37337.880520000064,
      "trade_sequence_max_drawdown": 0.39123947523952207,
      "trade_sequence_max_drawdown_delta_vs_control": 0.019204683492052788,
      "avg_hold_days": 29.0225,
      "avg_hold_days_delta_vs_control": 5.378863636363636
    },
    {
      "label": "TRAIL_SCALE_OUT_67_33",
      "family": "naive-trailing-scale-out",
      "verdict": "watch_candidate",
      "partial_exit_scale_out_ratio": 0.6666666666666666,
      "trade_count": 400,
      "trade_count_ratio_vs_control": 1.4545454545454546,
      "buy_filled_count": 268,
      "buy_fill_ratio_vs_control": 0.9745454545454545,
      "partial_exit_pair_count": 248,
      "partial_exit_pair_share": 0.62,
      "expected_value": 0.04919144337321099,
      "expected_value_delta_vs_control": 0.032483369515944924,
      "profit_factor": 3.409658989153565,
      "profit_factor_delta_vs_control": 0.7933999327490286,
      "max_drawdown": 0.11482699957278551,
      "max_drawdown_delta_vs_control": -0.0034952131644423318,
      "net_pnl": 358915.68269999983,
      "net_pnl_delta_vs_control": -43392.88578000013,
      "trade_sequence_max_drawdown": 0.392027057333766,
      "trade_sequence_max_drawdown_delta_vs_control": 0.019992265586296742,
      "avg_hold_days": 29.0225,
      "avg_hold_days_delta_vs_control": 5.378863636363636
    }
  ],
  "provisional_retained_candidates": [
    {
      "label": "TRAIL_SCALE_OUT_25_75",
      "family": "naive-trailing-scale-out",
      "verdict": "provisional_retained_candidate",
      "partial_exit_scale_out_ratio": 0.25,
      "trade_count": 396,
      "trade_count_ratio_vs_control": 1.44,
      "buy_filled_count": 269,
      "buy_fill_ratio_vs_control": 0.9781818181818182,
      "partial_exit_pair_count": 239,
      "partial_exit_pair_share": 0.6035353535353535,
      "expected_value": 0.04945693690283453,
      "expected_value_delta_vs_control": 0.03274886304556846,
      "profit_factor": 3.395619686779734,
      "profit_factor_delta_vs_control": 0.7793606303751974,
      "max_drawdown": 0.1025509322336205,
      "max_drawdown_delta_vs_control": -0.01577128050360735,
      "net_pnl": 463311.0201999998,
      "net_pnl_delta_vs_control": 61002.45171999984,
      "trade_sequence_max_drawdown": 0.39662325345757243,
      "trade_sequence_max_drawdown_delta_vs_control": 0.02458846171010315,
      "avg_hold_days": 29.032828282828284,
      "avg_hold_days_delta_vs_control": 5.389191919191919
    },
    {
      "label": "TRAIL_SCALE_OUT_33_67",
      "family": "naive-trailing-scale-out",
      "verdict": "provisional_retained_candidate",
      "partial_exit_scale_out_ratio": 0.3333333333333333,
      "trade_count": 398,
      "trade_count_ratio_vs_control": 1.4472727272727273,
      "buy_filled_count": 269,
      "buy_fill_ratio_vs_control": 0.9781818181818182,
      "partial_exit_pair_count": 243,
      "partial_exit_pair_share": 0.6105527638190955,
      "expected_value": 0.049277629778376214,
      "expected_value_delta_vs_control": 0.032569555921110147,
      "profit_factor": 3.387260722116944,
      "profit_factor_delta_vs_control": 0.7710016657124075,
      "max_drawdown": 0.1048825254249211,
      "max_drawdown_delta_vs_control": -0.013439687312306742,
      "net_pnl": 438199.51041999983,
      "net_pnl_delta_vs_control": 35890.94193999987,